<?xml version="1.0" encoding="UTF-8"?>
<project-private xmlns="http://www.netbeans.org/ns/project-private/1">
    <editor-bookmarks xmlns="http://www.netbeans.org/ns/editor-bookmarks/2" lastBookmarkId="0"/>
    <open-files xmlns="http://www.netbeans.org/ns/projectui-open-files/2">
        <group>
            <file>file:/C:/Users/janni/Documents/NetBeansProjects/Waegelitourclub/src/verwaltung/WaegeliVerwaltung.java</file>
            <file>file:/C:/Users/janni/Documents/NetBeansProjects/Waegelitourclub/src/speicher/Speicher.java</file>
            <file>file:/C:/Users/janni/Documents/NetBeansProjects/Waegelitourclub/src/gui/Application.java</file>
            <file>file:/C:/Users/janni/Documents/NetBeansProjects/Waegelitourclub/src/gui/GUIWaegeliAnlegen.java</file>
            <file>file:/C:/Users/janni/Documents/NetBeansProjects/Waegelitourclub/src/klassen/Waegeli.java</file>
            <file>file:/C:/Users/janni/Documents/NetBeansProjects/Waegelitourclub/src/gui/GUIWaegeli.java</file>
        </group>
    </open-files>
</project-private>
